{"North": {"x": -2502.4, "y": 1910.8400000000001, "z": -6996.6}, "East": {"x": -4463.84, "y": -3718.6400000000003, "z": -7881.64}, "South": {"x": -429.64000000000004, "y": -6625.84, "z": -7734.4400000000005}, "West": {"x": 2516.2000000000003, "y": -694.6, "z": -7279.04}}